id,funding_round_id,funded_object_id,investor_object_id,created_at,updated_at
34042,22798,c:26569,f:2132,2011-05-05 01:42:41,2011-05-05 01:42:41
32293,21247,c:53451,f:316,2011-02-02 15:32:14,2013-07-24 22:40:00
50829,37421,c:104815,f:998,2013-05-02 03:55:11,2013-05-02 04:13:52
76148,33409,c:59986,p:125,2012-10-26 10:26:20,2013-07-18 19:39:36
62275,9185,c:29904,c:20953,2009-10-19 11:05:42,2013-08-05 10:59:29
20143,13872,c:30,f:608,2010-04-08 09:18:54,2010-04-08 09:18:54
74485,28897,c:152840,p:131274,2012-03-23 19:24:45,2013-10-26 11:20:15
380,217,c:235,f:29,2007-07-21 08:21:39,2013-07-09 13:10:18
33642,22434,c:53254,f:41,2011-04-13 02:55:24,2013-09-17 09:29:59
9255,6505,c:7100,f:1681,2009-06-15 18:03:30,2012-06-06 02:11:25
60015,54446,c:28746,f:174,2013-11-12 11:21:14,2013-11-12 15:17:34
64238,28914,c:151220,c:362,2012-03-24 23:11:20,2013-05-24 22:51:20
55896,46134,c:255807,f:13158,2013-08-21 07:30:29,2013-08-21 12:52:31
49807,36593,c:65608,f:1028,2013-03-29 03:00:09,2013-05-01 10:59:04
69343,6445,c:20889,p:18510,2009-06-12 02:53:44,2013-07-12 10:46:00
35794,24271,c:72618,f:7706,2011-07-20 05:28:49,2011-07-20 05:28:49
42440,30186,c:159437,f:8734,2012-05-25 14:03:53,2013-06-21 06:31:40
41455,29368,c:149350,f:1607,2012-04-18 12:28:03,2012-04-18 12:28:03
15673,10649,c:38577,f:3299,2009-12-27 13:08:56,2013-07-19 20:34:53
46260,33491,c:159850,f:7194,2012-10-31 11:01:34,2013-08-15 17:10:31
67140,52942,c:71150,c:2520,2013-10-28 06:51:29,2013-10-28 06:51:29
9452,6610,c:24982,f:316,2009-06-17 19:15:45,2013-10-31 13:45:26
22694,15287,c:27163,f:4386,2010-05-05 12:06:47,2013-05-30 11:37:00
56935,49000,c:160052,f:7284,2013-09-18 03:02:31,2013-09-18 03:02:31
45686,33049,c:166855,f:7999,2012-10-07 19:53:21,2013-04-24 07:26:39
38195,26371,c:24342,f:74,2011-11-07 05:09:30,2013-07-12 11:26:47
46342,33540,c:76889,f:1784,2012-11-02 05:07:57,2013-06-26 13:51:28
15808,10826,c:19862,f:41,2010-01-04 22:33:04,2010-01-04 22:33:04
62114,7555,c:27757,c:13802,2009-07-20 05:46:11,2009-07-20 05:46:11
78615,42605,c:237887,p:3389,2013-07-16 03:29:29,2013-07-26 03:59:09
9468,6615,c:24986,f:1497,2009-06-17 19:34:56,2013-11-12 21:46:37
38838,26952,c:52567,f:503,2011-12-08 13:09:18,2011-12-08 13:09:18
2189,1456,c:1894,f:797,2008-01-30 11:54:38,2009-06-30 18:54:23
58620,52506,c:266717,f:454,2013-10-23 10:43:52,2013-10-24 03:46:58
74849,29914,c:714,p:743,2012-05-15 01:45:24,2012-05-15 01:45:24
34869,23503,c:46222,f:7540,2011-06-10 02:46:43,2013-06-07 03:13:38
32167,21135,c:21061,f:510,2011-01-26 23:33:44,2011-08-18 22:27:02
6812,4956,c:18027,f:518,2009-01-29 22:43:29,2010-02-25 14:50:39
9485,6622,c:24995,f:2806,2009-06-17 20:20:40,2009-06-17 20:20:40
28036,18252,c:24864,f:3711,2010-09-13 10:51:40,2010-09-13 10:51:40
22584,15218,c:47173,f:4502,2010-05-04 03:28:28,2010-05-04 03:28:28
29974,19299,c:59422,f:2597,2010-10-19 15:14:12,2010-10-19 15:14:12
68661,2836,c:7748,p:432,2008-07-02 20:49:48,2008-07-03 06:43:54
58805,52641,c:198974,f:45,2013-10-24 13:05:08,2013-10-24 13:05:08
80476,54675,c:18062,p:61364,2013-11-14 04:24:02,2013-11-14 04:24:02
5170,3966,c:14036,f:92,2008-11-26 22:39:44,2008-11-26 22:39:44
18304,12791,c:4871,f:244,2010-03-09 03:41:59,2010-03-09 03:41:59
51755,38578,c:70322,f:5928,2013-05-28 15:26:35,2013-05-28 15:26:35
25688,16830,c:51502,f:5063,2010-07-10 17:09:23,2010-07-10 17:09:23
55590,45532,c:247713,f:427,2013-08-14 14:00:13,2013-11-20 12:17:09
15655,10622,c:38473,f:24,2009-12-24 04:22:48,2013-08-01 14:30:58
69606,9107,c:16266,p:25972,2009-10-12 15:24:29,2013-04-29 17:35:05
17761,12402,c:30491,f:1857,2010-02-25 01:51:08,2013-06-21 05:57:01
11426,7680,c:28108,f:951,2009-07-24 03:23:20,2013-06-28 13:14:36
17555,12229,c:37783,f:62,2010-02-23 11:06:11,2010-02-23 11:06:12
62286,9315,c:34736,c:64606,2009-10-30 02:27:40,2013-09-24 11:31:07
45458,32841,c:172698,f:8322,2012-09-26 11:29:31,2012-09-26 11:29:31
80037,51510,c:181345,p:243701,2013-10-10 05:55:45,2013-10-10 05:55:45
77851,37916,c:75421,p:190486,2013-05-16 18:48:13,2013-05-29 20:53:51
66587,47665,c:261187,c:208270,2013-09-03 20:46:16,2013-09-03 23:18:34
75689,31942,c:142810,p:125,2012-08-16 01:57:10,2013-06-27 20:05:16
50985,37544,c:53835,f:2883,2013-05-07 11:45:30,2013-05-07 11:45:30
43123,30772,c:21608,f:4,2012-06-21 11:22:09,2013-10-11 21:25:22
15466,10449,c:38044,f:23,2009-12-19 03:24:06,2009-12-19 03:24:07
22849,15385,c:47524,f:4990,2010-05-07 22:51:16,2013-06-27 20:07:34
66959,52116,c:62188,c:243003,2013-10-17 10:40:39,2013-10-17 10:40:39
26536,17396,c:53358,f:3639,2010-08-04 03:05:18,2010-08-04 03:05:19
24187,16051,c:49156,f:1598,2010-06-05 05:30:34,2010-06-05 05:30:35
43842,31373,c:61999,f:8360,2012-07-19 01:23:32,2013-11-05 23:21:28
77652,37393,c:162838,p:186287,2013-04-30 19:16:31,2013-05-11 10:49:11
76558,34315,c:180668,p:27779,2012-12-12 03:09:17,2012-12-12 03:09:17
22383,15053,c:46897,f:2607,2010-04-30 07:36:50,2010-04-30 07:36:51
64278,29393,c:155709,c:14790,2012-04-19 04:50:12,2012-04-19 04:50:12
6017,4485,c:16651,f:1840,2009-01-08 00:05:38,2013-04-30 10:33:36
54103,43041,c:155670,f:7,2013-07-18 11:41:42,2013-07-18 11:46:07
31691,20704,c:36934,f:243,2010-12-30 04:18:29,2010-12-30 04:18:29
30150,19424,c:59675,f:6000,2010-10-21 16:16:56,2010-10-21 16:16:56
6538,4791,c:17565,f:567,2009-01-22 19:48:18,2013-08-22 14:35:35
78699,42978,c:197334,p:119668,2013-07-18 04:52:55,2013-07-18 04:52:55
24350,16163,c:49499,f:534,2010-06-10 12:18:45,2010-06-10 12:18:45
51950,39197,c:12281,f:10489,2013-06-04 02:46:19,2013-06-04 17:53:25
11437,7684,c:28112,f:3346,2009-07-24 04:11:39,2009-07-24 04:11:39
1033,681,c:209,f:1080,2007-09-11 17:00:30,2013-11-20 04:30:36
13077,8794,c:700,f:1768,2009-09-25 18:59:53,2009-09-25 18:59:53
29244,18908,c:58489,f:1120,2010-10-08 13:35:47,2010-10-08 13:35:47
54838,44239,c:185221,f:603,2013-07-31 05:59:26,2013-08-21 02:45:04
25991,17027,c:44573,f:190,2010-07-19 02:59:22,2010-07-19 02:59:23
33818,22607,c:64712,f:3442,2011-04-22 01:43:02,2011-04-22 01:43:02
5568,4284,c:15834,f:1060,2008-12-25 16:14:57,2009-11-04 18:59:09
30607,19761,c:51818,f:641,2010-11-01 13:18:09,2010-11-01 13:18:09
42301,30091,c:32733,f:571,2012-05-22 13:50:13,2012-05-23 01:09:53
77047,35746,c:79933,p:18488,2013-02-22 04:21:46,2013-02-22 04:21:46
72385,23312,c:76274,p:120905,2011-06-01 09:18:45,2013-05-15 15:08:57
69557,8828,c:32686,p:42723,2009-09-27 12:41:24,2009-09-27 21:11:22
13416,9053,c:33420,f:397,2009-10-08 00:11:28,2013-09-16 10:55:41
32707,21571,c:40030,f:7050,2011-02-22 21:16:46,2011-02-23 04:10:01
76301,33715,c:177405,p:152145,2012-11-13 22:25:00,2013-06-26 21:19:19
70387,15262,c:15738,p:43044,2010-05-05 05:27:17,2013-05-10 01:48:44
71040,18518,c:50449,p:619,2010-09-24 22:31:48,2011-03-28 20:59:24
5347,4142,c:516,f:4850,2008-12-16 22:24:58,2013-07-18 15:47:42
22669,15276,c:47286,f:4665,2010-05-05 09:22:46,2010-05-05 09:22:46
36271,24697,c:84705,f:153,2011-08-09 17:58:50,2011-11-09 08:21:24
64902,33128,c:174135,c:65898,2012-10-11 11:36:18,2013-11-14 04:03:05
42458,30213,c:25215,f:1522,2012-05-29 11:31:37,2013-12-11 11:35:06
36612,24973,c:52214,f:41,2011-08-25 02:55:34,2011-08-25 02:55:34
28441,18538,c:57492,f:6247,2010-09-27 02:36:49,2010-09-27 02:36:49
39704,27754,c:73586,f:17,2012-01-24 18:52:34,2012-01-25 03:08:30
58070,51882,c:56175,f:1433,2013-10-15 08:42:10,2013-10-15 08:42:10
69472,8232,c:12592,p:1235,2009-08-27 03:56:40,2013-07-25 19:56:47
15852,10883,c:39164,f:2253,2010-01-06 04:58:17,2013-07-09 14:00:29
60832,56063,c:243762,f:14822,2013-11-26 11:59:13,2013-11-26 11:59:13
14011,9363,c:22570,f:2474,2009-11-04 18:30:53,2009-11-04 18:32:06
58355,52266,c:273199,f:11625,2013-10-21 09:41:02,2013-10-21 09:41:02
74403,28761,c:146587,p:1190,2012-03-16 03:50:02,2013-05-02 08:48:29
66499,46336,c:168151,c:3657,2013-08-22 11:50:10,2013-08-23 02:40:32
75838,32592,c:171449,p:155499,2012-09-13 22:35:48,2012-09-19 16:16:36
55340,45096,c:217541,f:2294,2013-08-09 11:02:19,2013-11-01 13:18:17
38336,26486,c:36920,f:6913,2011-11-11 03:51:58,2011-11-11 03:51:58
45093,32520,c:29905,f:1099,2012-09-12 01:57:52,2013-07-04 13:35:25
79644,49130,c:49816,p:1651,2013-09-18 15:30:12,2013-09-18 18:05:30
42539,30316,c:160127,f:3181,2012-05-31 20:07:28,2013-08-02 18:58:44
36805,25166,c:98138,f:1070,2011-09-06 05:17:38,2013-09-06 10:42:42
44861,32308,c:61160,f:13175,2012-09-02 02:28:41,2012-09-07 11:05:20
8043,5840,c:309,f:196,2009-05-06 18:59:55,2009-05-06 18:59:55
49544,36338,c:178352,f:29,2013-03-20 05:40:50,2013-05-22 20:12:57
32096,21062,c:8036,f:376,2011-01-21 14:05:40,2013-06-27 22:13:48
78646,42835,c:81188,p:61794,2013-07-17 05:20:27,2013-07-18 02:45:37
49426,36195,c:3744,f:94,2013-03-14 01:00:35,2013-12-03 12:24:06
68910,3854,c:5879,p:11700,2008-11-12 15:50:47,2012-03-03 23:53:28
42793,30494,c:20534,f:123,2012-06-08 02:21:41,2012-06-08 03:10:34
36691,25048,c:86565,f:2257,2011-08-30 03:25:26,2013-09-12 03:18:40
28214,18350,c:26305,f:6205,2010-09-15 19:21:02,2013-07-23 12:44:17
20307,13992,c:45113,f:23,2010-04-10 02:10:39,2010-04-10 02:10:39
39395,27469,c:144966,f:8570,2012-01-10 17:47:25,2013-03-05 23:21:32
63536,23107,c:72486,c:59760,2011-05-21 16:14:13,2011-11-04 22:02:49
51764,38583,c:51479,f:10243,2013-05-28 17:05:16,2013-05-28 17:05:16
70831,17836,c:54956,p:67066,2010-08-24 01:54:54,2010-08-24 01:54:55
43570,31177,c:164093,f:9163,2012-07-10 04:46:28,2013-10-11 06:38:27
40716,28684,c:52218,f:1575,2012-03-13 04:41:18,2012-03-13 04:41:18
19316,13389,c:44566,f:4753,2010-03-25 09:12:50,2010-03-25 09:12:51
78920,43922,c:236055,p:95756,2013-07-29 02:21:19,2013-11-13 10:40:03
47622,34646,c:44960,f:4,2013-01-07 23:14:00,2013-07-03 11:53:05
958,619,c:830,f:388,2007-09-03 18:02:45,2008-05-14 21:37:29
11924,8023,c:5986,f:7,2009-08-18 03:30:57,2011-05-14 21:12:13
54288,43310,c:49623,f:316,2013-07-22 17:25:11,2013-07-22 17:25:11
73680,26955,c:144035,p:53636,2011-12-08 13:26:32,2013-10-10 22:15:18
21589,14588,c:23230,f:443,2010-04-22 01:52:46,2013-05-01 01:05:52
58432,52338,c:37983,f:2504,2013-10-22 06:58:12,2013-10-22 06:58:58
30237,19508,c:57486,f:6440,2010-10-26 09:52:38,2010-10-26 09:52:38
25508,16728,c:51102,f:929,2010-07-07 10:57:41,2010-07-07 10:57:41
57823,51430,c:77886,f:64,2013-10-09 12:00:52,2013-10-09 12:41:25
582,341,c:420,f:166,2007-08-13 07:29:48,2013-07-26 13:53:08
26563,17400,c:26140,f:1047,2010-08-04 04:58:01,2010-08-04 04:58:02
79040,44599,c:222781,p:63493,2013-08-05 06:13:09,2013-08-05 06:13:09
72337,23052,c:59582,p:93482,2011-05-19 16:38:54,2013-09-24 11:54:06
5602,4299,c:15871,f:192,2008-12-26 17:53:41,2009-11-29 21:22:27
57161,49708,c:152802,f:10722,2013-09-24 04:58:02,2013-09-24 04:58:02
53638,42094,c:151746,f:452,2013-07-10 09:37:26,2013-07-10 10:13:30
74553,29076,c:153745,p:132665,2012-04-03 08:26:02,2012-07-09 17:44:16
76627,34438,c:168151,p:10318,2012-12-20 05:32:13,2013-07-09 19:16:12
31610,20600,c:64494,f:6769,2010-12-21 04:29:32,2010-12-21 04:29:32
68075,1160,c:1584,p:125,2007-12-10 13:18:14,2009-06-09 16:10:08
71227,19650,c:55661,p:41942,2010-10-29 04:25:01,2013-06-26 20:40:10
75373,31232,c:68605,p:69108,2012-07-11 22:48:18,2013-05-16 22:55:11
1186,785,c:1092,f:1773,2007-10-19 14:24:30,2009-11-11 21:48:43
54601,43793,c:42654,f:1496,2013-07-26 03:16:48,2013-07-29 02:45:25
34577,23278,c:9049,f:7999,2011-05-31 01:22:38,2013-07-12 12:03:27
35533,24103,c:66920,f:74,2011-07-11 22:12:35,2013-10-10 06:56:54
63057,18357,c:56757,c:20953,2010-09-15 20:48:47,2010-10-22 03:41:03
62847,15997,c:1832,c:4175,2010-06-03 18:15:32,2011-05-11 23:21:34
60230,54817,c:174288,f:4760,2013-11-14 18:25:55,2013-11-17 23:18:16
2311,1564,c:2418,f:832,2008-02-19 00:41:32,2009-07-13 19:02:48
36354,24768,c:84965,f:2975,2011-08-12 02:04:54,2011-08-12 02:04:54
65601,37220,c:80820,c:17218,2013-04-23 12:21:34,2013-04-23 12:21:34
46278,33504,c:176166,f:7952,2012-10-31 16:19:39,2012-10-31 16:19:39
31435,20462,c:63692,f:512,2010-12-10 10:26:49,2010-12-13 03:00:03
11258,7586,c:27847,f:2948,2009-07-20 22:57:19,2009-07-20 22:57:19
39863,27878,c:148215,f:621,2012-01-31 13:12:40,2012-02-01 03:03:52
32678,21538,c:37378,f:6752,2011-02-19 02:30:08,2013-05-30 14:31:20
74089,27874,c:148207,p:124119,2012-01-31 09:53:00,2012-01-31 21:31:17
53915,42765,c:238198,f:5233,2013-07-16 15:20:25,2013-07-16 15:20:25
78025,38638,c:217912,p:250652,2013-05-29 04:28:48,2013-12-09 06:39:40
77563,37083,c:191510,p:178108,2013-04-16 15:12:33,2013-05-10 12:26:23
22936,15425,c:47615,f:149,2010-05-10 12:19:13,2010-05-10 12:19:14
35528,24097,c:80493,f:568,2011-07-11 18:43:07,2013-05-23 16:31:56
29537,19034,c:21570,f:2854,2010-10-12 10:50:31,2010-10-12 13:44:16
24590,16328,c:20309,f:7,2010-06-17 01:17:30,2013-08-05 13:36:34
39555,27617,c:147168,f:2350,2012-01-18 05:01:02,2012-01-18 05:01:02
39918,27917,c:35523,f:7472,2012-02-01 23:11:15,2012-02-04 18:08:06
6323,4663,c:17324,f:94,2009-01-19 05:37:56,2009-01-19 05:38:28
56367,47700,c:23911,f:13388,2013-09-04 05:21:11,2013-09-04 05:21:11
65506,36700,c:75250,c:47870,2013-04-02 10:50:20,2013-04-02 10:50:20
65328,35612,c:73250,c:22842,2013-02-16 00:15:56,2013-02-17 03:33:32
2788,1972,c:434,f:248,2008-04-07 19:44:45,2011-03-22 22:04:29
19535,13517,c:44767,f:1964,2010-03-28 18:34:09,2010-03-28 18:34:10
70649,16998,c:51891,p:8065,2010-07-16 02:12:45,2013-04-25 18:24:27
72782,24490,c:83692,p:64830,2011-07-30 03:07:20,2011-10-14 02:12:34
56774,48574,c:255707,f:3181,2013-09-13 07:16:02,2013-09-16 05:29:23
58197,52056,c:211884,f:18,2013-10-17 03:37:36,2013-10-17 03:37:36
23317,15633,c:48039,f:3757,2010-05-16 20:43:58,2010-05-16 20:43:58
5810,4403,c:16290,f:316,2009-01-03 16:10:18,2013-06-27 09:10:05
31415,20442,c:33873,f:3127,2010-12-09 04:55:37,2011-02-04 16:16:33
54721,43976,c:242404,f:8593,2013-07-29 09:31:47,2013-07-31 03:00:01
58754,52607,c:32499,f:2948,2013-10-24 10:46:12,2013-10-24 10:46:12
61569,1504,c:1976,c:27277,2008-02-12 06:24:47,2013-07-15 03:02:21
76011,33188,c:158241,p:3643,2012-10-15 15:53:58,2013-05-02 11:12:24
1292,889,c:1,f:430,2007-11-07 01:05:01,2008-05-19 03:39:17
43801,31336,c:36634,f:569,2012-07-17 12:38:41,2013-07-05 11:49:15
47474,34474,c:79681,f:10266,2012-12-22 03:06:48,2013-09-12 13:15:08
70172,13303,c:44295,p:122,2010-03-22 16:02:44,2013-10-30 04:02:35
20268,13964,c:5189,f:4790,2010-04-09 06:06:12,2010-04-09 06:06:13
23115,15524,c:37712,f:191,2010-05-12 03:47:27,2010-05-12 03:47:28
31719,20733,c:5378,f:472,2011-01-03 15:07:52,2013-04-08 10:59:34
66580,47511,c:70418,c:34590,2013-09-03 06:45:05,2013-09-03 06:45:05
40515,28485,c:12352,f:1557,2012-03-01 04:24:39,2013-05-03 02:18:10
27846,18130,c:43954,f:546,2010-09-07 06:29:06,2013-07-18 11:05:27
16126,11144,c:39711,f:5477,2010-01-13 18:18:49,2010-01-14 00:17:06
19058,13189,c:5189,f:1518,2010-03-18 13:59:05,2010-03-18 13:59:05
56546,48174,c:262798,f:2859,2013-09-09 06:01:10,2013-09-09 06:01:10
67109,52868,c:3242,c:2520,2013-10-26 11:38:00,2013-10-26 11:38:00
663,410,c:526,f:840,2007-08-22 08:25:40,2008-05-23 08:04:03
67420,55801,c:281112,c:44900,2013-11-25 06:03:59,2013-11-27 06:08:16
20211,13905,c:21819,f:668,2010-04-08 19:11:39,2010-04-08 19:11:40
71912,22007,c:71546,p:10949,2011-03-20 00:59:57,2011-03-24 02:16:41
5325,4124,c:1662,f:1653,2008-12-16 06:38:37,2008-12-16 06:38:37
55173,44861,c:212140,f:10207,2013-08-07 12:38:17,2013-08-07 12:38:17
68871,3739,c:2725,p:12162,2008-10-28 16:04:46,2011-03-26 01:26:39
49822,36602,c:193444,f:7781,2013-03-29 06:14:40,2013-04-23 12:15:49
72053,22290,c:72927,p:19270,2011-04-05 00:44:10,2011-08-18 23:47:46
51891,38977,c:40431,f:3738,2013-05-31 07:26:35,2013-09-12 03:06:48
38947,27040,c:48101,f:4850,2011-12-14 05:47:30,2011-12-14 05:47:30
29887,19237,c:59172,f:6393,2010-10-16 17:49:09,2010-10-16 17:49:09
1386,943,c:1321,f:538,2007-11-13 11:05:11,2008-02-25 00:24:49
54867,44311,c:12315,f:86,2013-07-31 12:43:25,2013-08-01 02:46:32
14497,9642,c:20156,f:111,2009-11-19 01:07:55,2013-09-04 06:21:08
58302,52184,c:56373,f:548,2013-10-18 09:57:33,2013-10-18 09:57:33
66231,42805,c:15013,c:20,2013-07-16 18:44:10,2013-11-19 08:20:40
72010,22179,c:72381,p:87680,2011-03-30 13:01:02,2011-04-05 22:20:26
74298,28476,c:10176,p:415,2012-02-29 21:50:14,2012-03-13 23:17:18
54268,43294,c:239388,f:11340,2013-07-22 13:03:43,2013-07-23 14:36:30
3404,2419,c:5963,f:1143,2008-05-28 12:30:17,2011-11-05 08:48:24
12388,8358,c:31015,f:192,2009-09-04 22:34:32,2009-09-04 22:34:32
39562,27624,c:147200,f:3664,2012-01-18 12:21:54,2013-09-23 09:27:28
39635,27705,c:118308,f:1132,2012-01-23 12:09:23,2013-06-24 22:03:11
44920,32356,c:83752,f:41,2012-09-05 09:57:21,2013-08-01 08:42:42
45015,32437,c:170804,f:1607,2012-09-08 07:53:43,2013-07-15 19:40:10
12107,8147,c:30202,f:3505,2009-08-24 09:26:37,2011-04-13 00:58:02
39343,27432,c:81780,f:6436,2012-01-09 04:09:09,2013-05-23 21:50:08
76021,33201,c:51767,p:30,2012-10-16 04:09:53,2012-10-16 04:09:53
24197,16057,c:28299,f:3275,2010-06-05 12:16:09,2010-06-05 12:16:09
15483,10453,c:32507,f:272,2009-12-19 10:53:43,2009-12-19 10:53:43
8772,6209,c:8730,f:105,2009-05-29 06:06:37,2009-05-29 06:06:37
55549,45424,c:17768,f:2348,2013-08-14 03:17:01,2013-08-14 03:17:01
10580,7187,c:26573,f:3135,2009-07-07 01:06:18,2010-05-26 14:28:18
8491,6058,c:16290,f:792,2009-05-21 21:12:28,2013-06-27 09:10:06
26885,17525,c:53811,f:5456,2010-08-09 01:44:50,2010-08-09 01:44:51
28681,18668,c:15299,f:47,2010-10-03 13:00:07,2010-10-03 13:00:07
11418,7675,c:420,f:245,2009-07-23 17:10:31,2013-07-26 13:53:09
35929,24377,c:83157,f:8739,2011-07-26 02:34:48,2013-06-24 13:53:13
56715,48478,c:42154,f:624,2013-09-12 09:58:33,2013-09-12 09:58:33
66895,51135,c:270244,c:6379,2013-10-08 03:59:59,2013-10-09 02:51:08
6319,4662,c:17324,f:1653,2009-01-19 05:31:02,2009-01-19 05:33:02
68501,2214,c:2688,p:10416,2008-05-09 14:15:19,2010-10-14 00:59:16
67770,435,c:546,p:1720,2007-08-22 11:35:59,2011-04-22 00:56:11
8627,6123,c:23552,f:1751,2009-05-26 06:37:07,2009-05-26 06:37:07
73266,25724,c:22383,p:111809,2011-10-04 02:15:24,2011-10-04 02:15:24
75777,32304,c:170098,p:149809,2012-09-01 16:15:41,2012-09-07 20:53:50
51949,39197,c:12281,f:2318,2013-06-04 02:46:19,2013-06-04 17:53:25
63781,25149,c:93836,c:93835,2011-09-03 17:53:36,2011-09-22 11:56:35
47991,34912,c:45398,f:5908,2013-01-20 17:33:01,2013-01-22 05:03:14
64066,27643,c:43584,c:12102,2012-01-19 01:26:39,2012-01-19 01:26:39
76147,33408,c:166739,p:1069,2012-10-26 10:22:17,2013-07-11 03:03:29
1911,1291,c:1717,f:697,2008-01-03 05:41:41,2011-03-22 21:56:37
30475,19680,c:9472,f:3742,2010-10-29 16:13:32,2010-10-29 16:13:32
28682,18668,c:15299,f:636,2010-10-03 13:00:07,2010-10-03 13:00:07
24922,16509,c:3008,f:517,2010-06-30 02:58:30,2013-12-06 19:09:54
1843,1243,c:1668,f:680,2007-12-22 11:45:00,2013-07-16 22:21:17
73719,27102,c:60298,p:182332,2011-12-17 13:29:12,2013-10-31 09:55:37
1639,1115,c:1120,f:34,2007-12-05 17:46:23,2009-11-11 14:53:54
75727,32084,c:152829,p:180177,2012-08-22 21:19:09,2013-11-05 17:27:22
68779,3267,c:1628,p:17053,2008-08-26 11:42:03,2008-08-26 23:15:06
42141,29936,c:103155,f:904,2012-05-16 01:48:57,2013-06-20 10:03:22
51872,38903,c:218941,f:214,2013-05-30 16:03:48,2013-05-30 16:03:48
43659,31233,c:82668,f:5928,2012-07-11 23:28:47,2013-05-16 20:47:52
23298,15617,c:47975,f:5402,2010-05-15 04:05:51,2010-05-15 04:05:51
68931,3921,c:13815,p:21888,2008-11-21 04:39:55,2010-02-02 03:11:40
10655,7259,c:659,f:367,2009-07-07 20:25:11,2009-07-07 20:25:11
40960,28886,c:64795,f:2270,2012-03-23 02:18:00,2013-12-02 13:29:17
35449,24008,c:81329,f:420,2011-07-07 06:34:05,2011-07-07 06:34:05
47434,34443,c:181917,f:7505,2012-12-20 13:05:34,2013-07-05 13:42:39
49489,36283,c:34945,f:3181,2013-03-19 03:48:44,2013-08-01 08:51:37
3290,2339,c:5632,f:99,2008-05-21 01:08:12,2008-05-21 01:08:12
18054,12625,c:43133,f:4546,2010-03-04 11:20:55,2013-08-21 10:17:20
45993,33281,c:6725,f:174,2012-10-19 07:35:16,2013-07-17 11:20:05
36546,24909,c:84886,f:7661,2011-08-20 22:13:33,2011-08-22 22:01:51
53727,42316,c:171418,f:9962,2013-07-12 04:10:37,2013-07-17 04:09:26
49674,36475,c:176423,f:1454,2013-03-26 03:30:17,2013-03-26 03:30:17
1286,882,c:1257,f:13,2007-11-05 21:22:56,2010-04-30 18:11:14
2955,2102,c:3983,f:249,2008-04-22 21:18:03,2013-09-18 04:49:38
47536,34564,c:182777,f:3440,2013-01-03 11:20:52,2013-11-15 03:40:48
51813,38734,c:12815,f:507,2013-05-29 16:40:49,2013-05-29 16:40:49
6343,4676,c:9,f:6,2009-01-19 18:29:39,2009-01-19 18:29:39
7295,5309,c:16203,f:1608,2009-03-13 17:51:45,2013-08-20 19:29:47
60148,54638,c:186440,f:64,2013-11-13 19:39:45,2013-11-13 23:57:55
5513,4225,c:15640,f:327,2008-12-21 20:08:32,2008-12-21 20:08:32
7292,5308,c:20065,f:618,2009-03-13 17:25:55,2009-03-13 17:25:55
62720,14384,c:38137,c:46364,2010-04-19 15:42:43,2013-10-09 09:24:04
17213,12061,c:38206,f:2720,2010-02-16 12:09:03,2010-02-16 12:09:04
78288,40176,c:173491,p:51386,2013-06-18 14:00:52,2013-06-28 18:05:11
7500,5464,c:20637,f:7,2009-03-27 19:13:23,2013-07-24 20:05:24
30731,19870,c:39259,f:2574,2010-11-04 07:02:28,2013-11-18 05:51:44
2821,1994,c:4091,f:26,2008-04-09 17:42:20,2013-04-29 21:31:21
60196,54681,c:76352,f:11252,2013-11-14 04:53:07,2013-11-14 10:29:44
24739,16433,c:2757,f:1488,2010-06-26 04:39:32,2013-04-30 12:13:50
53420,41514,c:85434,f:8405,2013-07-03 14:03:04,2013-07-03 14:03:04
44616,32053,c:168851,f:4691,2012-08-21 16:44:03,2013-10-26 10:10:00
73408,26153,c:138790,p:203,2011-10-25 18:23:09,2013-10-23 09:35:36
79455,47817,c:244256,p:36398,2013-09-04 17:33:57,2013-09-04 17:33:57
59701,53832,c:51360,f:11723,2013-11-05 10:38:42,2013-11-07 03:58:54
2330,1584,c:1307,f:248,2008-02-20 20:28:10,2008-02-25 00:25:27
48342,35238,c:186019,f:10469,2013-02-03 23:24:10,2013-08-26 03:22:19
8285,5944,c:23018,f:206,2009-05-14 04:17:00,2013-09-24 12:39:36
59782,53978,c:16051,f:11206,2013-11-06 16:59:33,2013-11-29 21:48:30
30257,19523,c:21656,f:6447,2010-10-26 19:15:07,2013-05-25 21:57:44
71864,21968,c:71371,p:70673,2011-03-17 18:06:25,2013-07-03 21:16:11
8589,6098,c:22576,f:2505,2009-05-22 18:38:39,2013-09-05 04:20:01
76495,34170,c:179530,p:70365,2012-12-05 04:56:32,2013-11-12 18:26:47
79751,49795,c:18106,p:237602,2013-09-24 12:29:31,2013-09-24 12:29:31
21131,14403,c:46037,f:234,2010-04-20 04:26:03,2010-04-20 04:26:03
25232,16613,c:31179,f:3651,2010-07-03 08:26:48,2010-07-03 08:26:50
20253,13954,c:13465,f:316,2010-04-09 05:19:34,2010-04-09 05:19:34
35232,23797,c:20303,f:34,2011-06-25 02:29:10,2013-11-27 12:52:47
65085,34316,c:11843,c:25380,2012-12-12 03:15:35,2012-12-12 03:15:35
71463,20625,c:28535,p:10324,2010-12-22 07:50:41,2012-02-17 08:18:22
66335,44089,c:34094,c:37093,2013-07-30 03:32:40,2013-07-30 03:32:40
36916,25248,c:79582,f:2970,2011-09-09 03:05:42,2011-09-09 03:05:42
62460,11169,c:39796,c:39797,2010-01-14 12:47:58,2010-01-14 12:47:58
69429,7643,c:508,p:66272,2009-07-22 22:02:13,2013-05-16 14:31:20
61471,504,c:619,c:250,2007-08-24 19:07:26,2009-10-26 22:54:35
42985,30670,c:143601,f:1142,2012-06-16 03:31:20,2012-10-18 22:27:35
24606,16343,c:36393,f:137,2010-06-18 03:01:54,2011-02-08 21:14:21
2115,1414,c:1849,f:196,2008-01-22 11:43:31,2008-03-05 21:01:45
29458,18999,c:25213,f:5367,2010-10-11 10:44:40,2010-10-11 10:44:40
25543,16746,c:51172,f:5729,2010-07-07 21:45:26,2010-07-07 21:45:26
27243,17825,c:54918,f:3254,2010-08-23 15:30:21,2010-08-23 15:30:22
26447,17315,c:15639,f:519,2010-07-28 00:13:43,2013-04-30 10:07:08
29935,19277,c:31226,f:4691,2010-10-19 03:01:31,2013-08-06 02:34:43
49028,35856,c:143043,f:10654,2013-02-28 02:47:21,2013-02-28 02:47:21
71888,21988,c:23852,p:86316,2011-03-18 11:04:01,2013-06-13 03:54:47
62477,11327,c:40231,c:40233,2010-01-20 10:45:09,2010-01-20 10:45:09
64351,29758,c:157461,c:155893,2012-05-07 09:49:46,2012-05-10 20:15:02
14604,9736,c:12232,f:134,2009-11-24 23:55:40,2009-11-24 23:55:40
75670,31859,c:72606,p:102522,2012-08-11 04:21:33,2012-08-11 04:21:33
10222,6977,c:25832,f:3039,2009-06-27 02:56:51,2009-06-27 02:56:51
32427,21344,c:68246,f:1186,2011-02-08 17:36:42,2011-02-08 17:36:42
36325,24743,c:3347,f:10,2011-08-11 02:42:32,2011-08-11 02:42:32
57648,51122,c:144748,f:8703,2013-10-07 19:24:51,2013-10-14 12:02:18
55178,44865,c:160604,f:1681,2013-08-07 13:17:15,2013-08-08 04:02:14
6652,4850,c:17762,f:828,2009-01-26 17:38:57,2012-02-05 05:31:41
32154,21118,c:18779,f:7748,2011-01-26 08:38:35,2013-11-28 10:01:21
11752,7911,c:16192,f:1768,2009-08-08 00:15:20,2009-08-08 00:15:20
11098,7519,c:19779,f:2862,2009-07-17 23:49:19,2009-07-17 23:49:19
2055,1377,c:1817,f:751,2008-01-18 11:29:39,2009-01-09 04:29:41
13346,8990,c:33085,f:529,2009-10-02 07:28:54,2013-12-11 06:35:02
13610,9164,c:5411,f:519,2009-10-16 11:09:59,2009-10-16 11:09:59
65639,37517,c:153705,c:20953,2013-05-06 20:21:06,2013-05-26 00:26:20
18851,13076,c:43919,f:2412,2010-03-16 08:04:38,2010-03-16 08:04:39
38520,26628,c:142236,f:381,2011-11-18 05:23:23,2011-11-18 05:23:23
43140,30783,c:162182,f:34,2012-06-21 15:00:54,2013-07-16 06:39:01
2212,1472,c:969,f:668,2008-02-02 08:04:39,2008-06-19 02:38:59
59559,53591,c:276217,f:17,2013-11-01 11:24:48,2013-11-01 11:24:48
24391,16188,c:49553,f:2243,2010-06-11 04:24:49,2010-06-11 04:24:50
46346,33541,c:56159,f:70,2012-11-02 05:17:57,2013-04-02 01:41:18
45689,33049,c:166855,f:2195,2012-10-07 19:53:21,2013-04-24 07:26:39
59536,53565,c:13082,f:215,2013-11-01 10:31:47,2013-11-01 10:31:47
35486,24043,c:78579,f:1569,2011-07-08 09:22:57,2011-11-07 21:53:09
13939,9333,c:34901,f:3779,2009-11-02 02:13:20,2011-04-21 03:34:11
45635,33017,c:23382,f:49,2012-10-05 05:58:59,2013-07-15 12:11:10
51231,37728,c:169313,f:376,2013-05-14 11:17:16,2013-05-14 11:17:16
65077,34255,c:180245,c:180243,2012-12-08 20:47:54,2013-06-18 05:03:34
21682,14627,c:31179,f:660,2010-04-22 05:48:00,2010-04-22 05:48:02
3998,2947,c:8282,f:1300,2008-07-15 21:41:36,2008-07-15 21:41:36
7927,5736,c:1664,f:66,2009-04-23 01:31:54,2009-04-23 01:31:54
35281,23851,c:59052,f:3181,2011-06-28 18:53:21,2011-06-28 18:53:21
60869,56182,c:282487,f:443,2013-11-27 07:03:55,2013-11-27 07:03:55
37462,25652,c:120997,f:3440,2011-09-29 04:04:37,2013-08-12 09:08:53
45861,33188,c:158241,f:5928,2012-10-15 15:53:58,2013-05-02 11:12:24
30202,19468,c:59787,f:2608,2010-10-22 14:23:59,2010-10-22 14:23:59
49199,36003,c:71777,f:86,2013-03-06 13:53:20,2013-10-08 12:08:55
3805,2752,c:4446,f:41,2008-06-25 10:29:16,2011-06-15 18:36:55
38759,26889,c:28085,f:742,2011-12-06 02:45:29,2013-10-10 11:40:01
76947,35536,c:158837,p:2239,2013-02-14 04:27:00,2013-02-14 04:27:00
71337,20173,c:62231,p:75499,2010-11-22 18:35:23,2010-11-23 00:42:05
64991,33714,c:173970,c:70343,2012-11-13 22:24:57,2013-09-19 09:57:10
22131,14879,c:43755,f:3075,2010-04-27 07:47:12,2013-12-04 13:31:42
75615,31771,c:63116,p:151031,2012-08-07 21:04:19,2013-05-13 20:34:16
65801,38420,c:160866,c:362,2013-05-27 19:30:09,2013-05-27 19:30:09
35653,24184,c:43337,f:1756,2011-07-15 00:54:57,2011-07-15 00:54:57
39651,27717,c:85223,f:4,2012-01-23 15:05:00,2012-01-23 15:05:00
38351,26492,c:141611,f:314,2011-11-11 04:38:35,2011-11-11 04:38:35
23330,15637,c:18162,f:234,2010-05-17 03:19:36,2010-05-17 03:19:37
28910,18752,c:29443,f:461,2010-10-05 12:33:16,2013-10-08 09:29:18
10213,6973,c:25808,f:7961,2009-06-26 22:08:58,2011-08-27 11:51:28
33654,22444,c:33085,f:6253,2011-04-13 13:27:24,2013-12-11 06:35:03
33568,22357,c:73257,f:4497,2011-04-08 00:55:07,2013-07-29 07:41:10
66248,42887,c:177313,c:237094,2013-07-17 11:05:13,2013-07-19 02:46:34
38392,26550,c:51674,f:7095,2011-11-15 16:49:50,2011-11-16 02:37:47
58712,52572,c:137289,f:192,2013-10-24 05:05:17,2013-10-24 05:05:17
71953,22099,c:71957,p:536,2011-03-25 01:56:04,2011-04-01 00:49:14
78228,39596,c:178865,p:162630,2013-06-09 16:19:45,2013-06-10 16:46:54
32527,21425,c:51185,f:1258,2011-02-12 12:45:22,2013-09-25 17:29:39
8565,6087,c:23443,f:1843,2009-05-22 10:23:37,2009-05-22 10:23:37
23326,15637,c:18162,f:1295,2010-05-17 03:19:36,2010-05-17 03:19:37
36888,25237,c:82668,f:8027,2011-09-08 09:43:23,2013-05-16 20:47:51
11513,7734,c:1721,f:2252,2009-07-27 19:37:01,2013-06-06 10:12:30
58924,52788,c:274549,f:113,2013-10-26 05:25:49,2013-10-26 05:25:49
14259,9529,c:35660,f:561,2009-11-13 02:45:53,2010-10-20 18:35:09
28119,18298,c:56556,f:367,2010-09-14 04:31:30,2010-09-14 04:31:30
63736,24715,c:55851,c:52525,2011-08-10 11:05:52,2011-08-10 11:05:52
74748,29732,c:157234,p:149553,2012-05-04 03:31:01,2012-07-27 11:24:28
38448,26592,c:3739,f:951,2011-11-16 19:52:50,2012-06-01 21:05:20
10539,7169,c:16323,f:2060,2009-07-06 22:30:19,2013-08-02 11:46:41
30681,19831,c:60696,f:2647,2010-11-03 04:53:42,2013-07-08 12:07:00
15613,10590,c:38417,f:149,2009-12-23 13:37:14,2009-12-23 13:37:14
77625,37303,c:201187,p:184809,2013-04-25 12:07:37,2013-04-25 12:12:05
28077,18284,c:31269,f:5928,2010-09-14 02:10:57,2013-06-02 03:24:16
46782,33933,c:178256,f:1017,2012-11-22 06:18:59,2013-05-27 22:34:31
31212,20290,c:23979,f:592,2010-11-30 14:16:58,2010-11-30 14:16:58
80650,55575,c:168515,p:22531,2013-11-21 12:55:33,2013-11-22 04:48:38
70623,16756,c:37046,p:46394,2010-07-08 03:38:13,2013-05-10 01:27:11
63730,24664,c:84518,c:84517,2011-08-07 15:24:10,2013-07-09 18:46:22
43030,30707,c:34239,f:4,2012-06-19 11:57:15,2013-04-29 17:39:10
5474,4209,c:15064,f:1693,2008-12-20 11:56:35,2011-06-29 04:34:59
39665,27726,c:1056,f:36,2012-01-23 23:10:46,2013-11-07 05:37:23
54071,42969,c:238640,f:7855,2013-07-18 03:16:38,2013-07-18 03:16:38
32755,21603,c:69585,f:512,2011-02-24 03:43:58,2013-05-04 17:43:03
63076,18480,c:53510,c:57269,2010-09-22 23:08:20,2011-03-28 21:42:04
72652,24097,c:80493,p:17106,2011-07-11 18:43:07,2013-05-23 16:31:56
42480,30233,c:82679,f:7429,2012-05-30 02:51:30,2013-07-13 03:03:31
61304,57575,c:282345,f:2195,2013-12-10 18:45:33,2013-12-12 03:54:15
61602,1767,c:3160,c:991,2008-03-13 15:57:58,2011-10-07 23:52:29
31195,20281,c:29587,f:41,2010-11-30 03:20:18,2010-11-30 03:20:18
20061,13830,c:15407,f:1977,2010-04-07 07:16:27,2010-04-07 07:16:28
52365,39802,c:224908,f:11818,2013-06-13 03:24:03,2013-06-13 03:24:03
21951,14778,c:46425,f:272,2010-04-24 04:14:54,2013-10-08 11:44:20
71053,18582,c:57338,p:150,2010-09-29 07:18:43,2013-11-27 22:55:12
25138,16585,c:31560,f:139,2010-07-02 08:45:27,2013-07-23 10:58:56
35275,23845,c:57091,f:177,2011-06-28 14:37:10,2012-12-04 20:06:31
58782,52622,c:169598,f:7999,2013-10-24 11:35:58,2013-10-25 03:40:00
6176,4584,c:16609,f:711,2009-01-14 20:04:44,2009-01-14 20:04:44
38041,26202,c:85509,f:45,2011-10-28 01:51:42,2013-10-26 05:42:48
15183,10252,c:37711,f:3267,2009-12-15 12:45:05,2009-12-15 12:45:05
69369,6755,c:25230,p:36732,2009-06-20 01:16:14,2013-10-03 11:03:45
33176,21962,c:71342,f:4099,2011-03-17 12:08:39,2011-03-17 12:08:39
62589,12892,c:43605,c:43606,2010-03-11 09:05:19,2010-03-11 09:05:20
12797,8628,c:32028,f:23,2009-09-18 08:35:43,2009-09-18 08:35:43
74561,29088,c:76352,p:10324,2012-04-03 16:27:10,2013-11-14 10:29:44
27289,17857,c:39029,f:446,2010-08-25 16:28:16,2010-08-25 16:28:17
35709,24213,c:82336,f:278,2011-07-16 05:15:06,2011-07-16 05:15:06
76571,34328,c:180928,p:41252,2012-12-12 11:47:19,2013-10-28 10:26:21
41501,29406,c:52126,f:86,2012-04-19 12:07:57,2013-06-25 00:13:46
51847,38777,c:218419,f:1535,2013-05-30 04:22:49,2013-05-30 04:22:49
44250,31666,c:166781,f:318,2012-08-03 02:44:31,2013-10-28 05:33:37
79086,44989,c:189330,p:16519,2013-08-08 16:47:04,2013-08-08 16:47:04
67047,52779,c:274543,c:2520,2013-10-26 04:55:36,2013-10-26 04:55:36
45360,32747,c:172159,f:6052,2012-09-21 02:43:47,2012-09-21 02:43:47
62854,16072,c:49242,c:28,2010-06-07 03:33:33,2013-04-29 05:46:37
834,512,c:630,f:1047,2007-08-26 19:55:40,2013-06-25 09:13:50
71404,20346,c:63123,p:64796,2010-12-03 22:35:27,2012-07-24 01:54:29
12308,8266,c:19597,f:3539,2009-08-28 20:04:13,2009-08-28 20:04:13
59216,53215,c:36850,f:2397,2013-10-30 11:22:25,2013-10-30 11:22:25
21455,14536,c:25449,f:2984,2010-04-21 05:49:39,2010-04-21 05:49:40
47877,34827,c:184089,f:549,2013-01-16 03:56:12,2013-01-16 03:56:12
37513,25696,c:45642,f:6855,2011-10-01 01:42:05,2011-10-01 01:42:05
36709,25073,c:23279,f:454,2011-08-31 01:45:30,2013-10-08 09:30:17
67509,56293,c:244396,c:2520,2013-11-27 19:17:45,2013-11-27 19:17:45
4388,3284,c:4451,f:1405,2008-08-26 23:28:15,2008-08-26 23:28:15
10931,7429,c:1765,f:2639,2009-07-14 18:04:44,2009-07-14 18:04:44
46378,33576,c:1512,f:10043,2012-11-05 10:12:09,2013-07-10 10:37:19
47742,34734,c:8240,f:91,2013-01-11 02:54:03,2013-01-11 02:54:03
61546,1266,c:1325,c:71,2007-12-27 16:57:31,2013-11-11 09:47:58
2339,1589,c:2503,f:262,2008-02-21 06:16:08,2013-09-23 11:51:33
24076,15980,c:30152,f:64,2010-06-03 10:10:56,2010-06-03 10:10:56
79175,45407,c:81399,p:218589,2013-08-13 17:05:39,2013-08-13 17:05:39
19915,13767,c:45202,f:2935,2010-04-05 14:25:34,2010-04-05 14:25:35
51687,38133,c:214712,f:9468,2013-05-23 09:52:50,2013-05-23 09:52:50
3048,2178,c:4987,f:75,2008-05-05 23:49:02,2008-05-05 23:49:02
8773,6209,c:8730,f:48,2009-05-29 06:06:37,2009-05-29 06:06:37
53725,42314,c:236788,f:8066,2013-07-12 04:03:06,2013-07-15 12:57:34
46067,33337,c:175328,f:9977,2012-10-23 16:25:43,2013-07-04 09:08:32
65017,33890,c:178123,c:178124,2012-11-21 05:31:05,2012-11-21 05:31:05
71687,21425,c:51185,p:81378,2011-02-12 12:45:22,2013-09-25 17:29:39
46136,33392,c:32786,f:901,2012-10-26 00:56:55,2013-09-11 05:00:26
22253,14970,c:46775,f:1408,2010-04-29 02:49:16,2010-04-29 02:49:17
41827,29665,c:157017,f:678,2012-05-02 05:42:22,2012-05-02 05:42:22
65438,36339,c:74071,c:2520,2013-03-20 07:41:17,2013-10-26 11:21:59
37613,25804,c:134775,f:3885,2011-10-07 04:03:12,2013-09-26 06:59:04
31788,20771,c:20116,f:3439,2011-01-05 18:24:03,2013-10-09 05:38:45
3715,2671,c:3044,f:99,2008-06-19 18:48:47,2008-06-19 18:48:47
73394,26050,c:82017,p:17081,2011-10-20 08:21:26,2013-10-23 17:48:10
73191,25482,c:67880,p:757,2011-09-20 04:14:42,2013-04-29 18:01:19
3032,2167,c:4938,f:3182,2008-05-03 06:46:45,2008-07-30 00:27:51
57637,51047,c:202042,f:8600,2013-10-07 10:37:40,2013-10-08 03:50:34
72989,25081,c:77400,p:168029,2011-08-31 02:59:53,2013-10-03 11:25:30
22582,15217,c:47172,f:5267,2010-05-04 03:16:54,2010-05-04 03:16:55
44648,32076,c:53361,f:17,2012-08-22 12:20:06,2013-06-20 09:49:35
1816,1230,c:1657,f:36,2007-12-22 07:41:05,2013-07-31 09:57:06
56914,48961,c:265116,f:12258,2013-09-17 12:39:10,2013-09-17 12:39:10
71482,20708,c:57411,p:19486,2010-12-30 05:01:47,2010-12-30 05:01:47
20575,14107,c:41164,f:1762,2010-04-13 06:49:25,2010-04-13 06:49:25
19657,13588,c:6725,f:160,2010-03-30 12:23:27,2013-07-17 11:20:04
12729,8593,c:31882,f:1497,2009-09-16 15:45:41,2013-11-12 21:41:32
17241,12071,c:13986,f:1883,2010-02-16 20:38:46,2010-02-16 20:38:47
37217,25482,c:67880,f:3181,2011-09-20 04:14:42,2013-04-29 18:01:19
2443,1665,c:2708,f:17,2008-03-01 09:47:27,2011-04-15 00:17:07
49638,36435,c:192730,f:1334,2013-03-24 10:20:52,2013-08-15 11:08:40
26330,17239,c:52542,f:2663,2010-07-23 20:30:01,2013-10-11 10:05:05
29303,18937,c:58563,f:6333,2010-10-09 12:16:57,2010-10-09 12:16:57
55335,45064,c:45186,f:5840,2013-08-09 09:45:51,2013-08-09 09:45:51
68986,4140,c:15405,p:170671,2008-12-16 22:07:13,2013-07-29 11:40:39
14635,9753,c:36484,f:215,2009-11-26 14:50:54,2013-11-26 11:13:29
4569,3446,c:2221,f:195,2008-09-17 00:50:38,2008-09-17 00:50:38
10998,7458,c:27483,f:1231,2009-07-15 13:43:18,2009-07-15 13:43:18
66765,49470,c:266417,c:266416,2013-09-21 12:27:53,2013-09-23 18:02:28
324,185,c:195,f:771,2007-07-18 10:18:53,2013-11-14 04:17:32
65427,36281,c:191984,c:191983,2013-03-19 03:23:47,2013-08-12 10:24:24
49322,36122,c:16953,f:7908,2013-03-11 19:02:58,2013-03-11 19:03:04
25987,17026,c:52017,f:2910,2010-07-19 02:54:43,2010-07-19 02:54:44
62827,15767,c:48490,c:48491,2010-05-25 04:22:22,2010-05-25 04:22:23
34990,23589,c:52046,f:7564,2011-06-15 09:43:18,2013-07-19 05:21:02
18665,12978,c:43765,f:573,2010-03-13 08:52:15,2010-03-13 08:52:16
19810,13702,c:45081,f:890,2010-04-02 08:57:00,2010-04-02 08:57:01
59878,54053,c:47008,f:11625,2013-11-07 10:56:31,2013-11-07 10:56:31
67398,55771,c:268736,c:44900,2013-11-25 05:12:16,2013-11-27 04:36:21
24789,16454,c:29312,f:3263,2010-06-28 01:19:09,2010-06-28 01:19:10
30169,19444,c:14028,f:147,2010-10-22 02:03:41,2010-10-22 02:03:41
9339,6543,c:5482,f:214,2009-06-16 17:13:52,2009-06-16 17:13:52
690,428,c:50,f:26,2007-08-22 10:46:30,2010-05-14 21:25:36
5135,3943,c:5451,f:663,2008-11-25 23:01:55,2009-02-20 21:39:25
6254,4629,c:17253,f:1280,2009-01-17 18:15:52,2010-02-15 15:34:11
3301,2351,c:262,f:173,2008-05-21 17:22:03,2013-09-03 13:44:06
25088,16559,c:25187,f:272,2010-07-01 14:05:10,2013-10-15 12:05:40
38044,26202,c:85509,f:7999,2011-10-28 01:51:42,2013-10-26 05:42:48
47904,34846,c:146746,f:5151,2013-01-17 02:23:45,2013-01-17 02:24:31
39546,27608,c:17768,f:5599,2012-01-18 02:50:15,2013-08-14 03:17:01
33789,22573,c:43753,f:2137,2011-04-20 13:18:06,2013-04-30 11:51:47
4469,3350,c:7613,f:41,2008-09-03 06:52:19,2008-09-03 06:52:19
27666,18035,c:41593,f:29,2010-09-02 01:36:32,2013-06-13 05:43:48
17156,12039,c:30987,f:4478,2010-02-15 16:31:16,2010-02-15 16:31:17
51182,37694,c:209886,f:9546,2013-05-13 15:02:04,2013-05-13 15:02:04
52299,39722,c:224313,f:7678,2013-06-11 16:11:50,2013-06-12 10:28:29
16166,11172,c:39802,f:3388,2010-01-14 15:20:48,2010-01-14 15:20:48
34983,23584,c:9679,f:1656,2011-06-15 02:09:31,2011-06-29 11:23:33
129,79,c:62,f:26,2007-07-03 05:28:59,2013-12-11 13:03:57
20021,13818,c:15443,f:568,2010-04-07 05:55:00,2013-06-10 10:46:19
61829,4250,c:15709,c:17122,2008-12-23 04:51:44,2011-03-22 21:56:30
68348,1815,c:1299,p:7554,2008-03-17 05:58:49,2011-11-16 06:08:23
26411,17300,c:52760,f:2001,2010-07-27 02:27:33,2013-07-27 03:37:26
75640,31802,c:161666,p:21588,2012-08-09 00:32:10,2012-08-09 19:10:44
38097,26270,c:15013,f:788,2011-11-02 01:42:20,2013-06-13 11:02:29
29078,18816,c:17542,f:133,2010-10-06 14:33:45,2013-11-27 23:22:49
17349,12122,c:42163,f:269,2010-02-18 16:59:52,2010-02-18 16:59:53
20255,13955,c:7184,f:2924,2010-04-09 05:20:56,2013-07-09 13:04:50
27751,18076,c:3006,f:179,2010-09-03 11:12:50,2010-09-03 11:12:50
56480,47968,c:3126,f:136,2013-09-05 11:32:04,2013-09-06 04:54:23
19173,13273,c:44303,f:4828,2010-03-22 08:05:44,2010-03-22 08:05:44
43321,30932,c:151800,f:4378,2012-06-27 14:57:58,2012-07-24 20:20:55
62036,6561,c:23384,c:34590,2009-06-17 00:09:32,2009-06-17 00:09:32
59874,54034,c:9467,f:8892,2013-11-07 07:28:34,2013-11-07 07:28:34
13081,8796,c:26373,f:3624,2009-09-25 19:47:53,2009-09-25 19:47:53
70587,16502,c:50487,p:640,2010-06-30 00:49:29,2013-07-08 20:03:57
65048,34091,c:42689,c:1640,2012-12-01 02:49:22,2013-10-30 10:57:39
22962,15440,c:47633,f:5276,2010-05-10 15:43:00,2010-05-10 15:43:00
9058,6388,c:24279,f:2666,2009-06-08 09:15:00,2013-04-29 05:40:53
26772,17475,c:22897,f:2342,2010-08-06 04:31:03,2010-08-06 04:31:04
19367,13409,c:20117,f:61,2010-03-25 17:42:15,2013-11-01 09:33:43
59750,53885,c:48571,f:1,2013-11-06 04:31:08,2013-11-07 03:53:34
31727,20739,c:40888,f:66,2011-01-04 02:01:49,2013-07-26 13:23:12
79590,48818,c:264873,p:234658,2013-09-16 17:33:38,2013-09-16 17:33:53
49479,36271,c:191954,f:2195,2013-03-18 19:37:28,2013-06-26 20:33:59
77901,38054,c:35870,p:570,2013-05-21 14:18:35,2013-05-21 14:41:25
77206,36235,c:144457,p:2603,2013-03-17 17:22:11,2013-07-19 21:20:28
7428,5405,c:20464,f:1255,2009-03-22 20:13:32,2009-06-19 14:01:21
57534,50717,c:195726,f:5815,2013-10-03 06:32:53,2013-10-03 06:32:53
19171,13272,c:30285,f:127,2010-03-22 07:50:08,2010-03-22 07:50:09
21270,14451,c:31832,f:2778,2010-04-20 08:51:50,2010-04-20 08:51:51
56627,48316,c:43917,f:4565,2013-09-11 05:26:27,2013-09-12 04:18:02
18961,13143,c:19854,f:510,2010-03-18 00:44:10,2010-07-21 20:28:45
7109,5144,c:19101,f:7,2009-02-22 22:46:04,2011-05-03 18:07:38
10086,6909,c:25544,f:1749,2009-06-24 21:40:51,2013-07-05 10:04:09
32341,21275,c:67907,f:2407,2011-02-04 02:45:12,2013-10-16 22:56:38
10868,7400,c:20170,f:509,2009-07-13 21:09:40,2009-07-13 21:11:48
52226,39648,c:24638,f:2729,2013-06-10 10:10:14,2013-06-29 02:52:29
20511,14083,c:25716,f:234,2010-04-13 03:24:37,2013-09-03 10:11:43
41493,29402,c:4099,f:99,2012-04-19 11:25:54,2013-02-19 04:22:07
33970,22745,c:16567,f:111,2011-05-02 18:57:10,2013-07-22 13:04:58
22751,15318,c:18529,f:5736,2010-05-06 05:53:22,2013-07-09 10:00:39
79028,44589,c:243716,p:39420,2013-08-04 16:12:31,2013-08-05 04:02:24
3305,2355,c:3905,f:18,2008-05-21 17:37:19,2008-05-21 17:37:19
57158,49700,c:137742,f:1492,2013-09-24 04:11:29,2013-10-29 03:29:25
44507,31923,c:57700,f:520,2012-08-15 04:57:06,2012-08-15 04:57:06
19717,13632,c:42301,f:1331,2010-03-31 04:19:48,2013-05-01 02:50:21
3716,2673,c:1069,f:173,2008-06-19 19:36:23,2008-06-19 19:36:23
46675,33821,c:172238,f:8370,2012-11-17 11:58:22,2012-11-17 11:58:22
73471,26324,c:44690,p:75695,2011-11-03 20:02:43,2013-07-08 18:13:19
3037,2171,c:4971,f:1037,2008-05-05 08:15:59,2008-05-05 08:15:59
64766,32310,c:74891,c:48400,2012-09-02 17:01:40,2013-07-02 10:30:29
42411,30169,c:158354,f:220,2012-05-24 19:31:35,2013-04-30 07:11:54
18798,13049,c:40850,f:309,2010-03-15 21:38:29,2010-03-15 21:38:29
73575,26640,c:80810,p:1389,2011-11-19 01:02:40,2013-10-09 22:59:30
50934,37495,c:23737,f:11179,2013-05-06 07:19:46,2013-05-06 07:19:46
3118,2242,c:5264,f:1059,2008-05-12 18:27:54,2008-05-12 18:27:54
55687,45669,c:159850,f:7194,2013-08-15 17:10:31,2013-08-15 17:10:31
23603,15764,c:48488,f:48,2010-05-25 04:01:56,2010-05-25 04:01:57
21810,14695,c:46340,f:408,2010-04-23 03:20:35,2010-04-23 03:20:36
60397,55131,c:24719,f:8152,2013-11-18 21:43:51,2013-11-18 21:43:51
50591,37255,c:174843,f:63,2013-04-24 07:05:18,2013-04-30 16:02:28
20249,13951,c:28752,f:46,2010-04-09 05:08:32,2010-04-09 05:08:33
68415,1941,c:2726,p:441,2008-04-03 06:38:00,2008-07-18 22:38:46
8518,6066,c:4060,f:1890,2009-05-21 21:54:37,2009-05-21 21:54:37
52655,40209,c:4781,f:36,2013-06-19 05:19:21,2013-11-22 15:02:01
44850,32294,c:170040,f:967,2012-08-31 21:08:46,2012-09-06 22:08:16
21197,14425,c:7376,f:1768,2010-04-20 05:53:52,2010-04-20 05:53:52
59522,53552,c:46689,f:581,2013-11-01 10:10:17,2013-11-01 10:10:17
25963,17011,c:51954,f:3581,2010-07-17 01:59:44,2010-07-17 01:59:45
46991,34108,c:179246,f:6203,2012-12-01 13:40:12,2013-07-08 11:10:12
60389,55103,c:202812,f:14712,2013-11-18 12:57:40,2013-11-19 04:39:18
20231,13945,c:41303,f:3324,2010-04-09 04:40:54,2010-04-09 04:40:54
49148,35965,c:35971,f:10685,2013-03-05 23:33:25,2013-11-12 13:33:10
72512,23599,c:79206,p:96836,2011-06-15 21:15:31,2012-06-01 20:27:16
20973,14323,c:45605,f:174,2010-04-16 04:15:11,2013-06-25 16:23:44
23142,15531,c:47781,f:262,2010-05-12 07:17:19,2010-05-12 07:17:20
65414,36195,c:3744,c:29929,2013-03-14 01:00:35,2013-12-03 12:24:06
20098,13848,c:15760,f:269,2010-04-07 15:49:11,2013-06-14 11:51:37
18046,12620,c:25209,f:95,2010-03-04 07:32:59,2011-05-13 20:08:17
12285,8247,c:26303,f:41,2009-08-27 19:17:35,2010-08-12 22:27:05
78229,39605,c:223501,p:197227,2013-06-10 02:05:14,2013-06-10 19:10:59
56371,47738,c:208594,f:4549,2013-09-04 09:50:35,2013-09-10 03:40:53
68557,2398,c:5845,p:11541,2008-05-26 05:53:21,2009-09-16 16:43:13
58031,51838,c:162011,f:2601,2013-10-14 09:28:15,2013-10-14 09:28:15
6805,4951,c:726,f:4689,2009-01-29 15:34:10,2013-05-14 20:47:02
27513,17955,c:55475,f:3835,2010-08-31 06:30:07,2013-10-10 10:25:14
32686,21540,c:42512,f:1294,2011-02-19 02:57:49,2013-08-30 06:07:40
23417,15675,c:48193,f:3158,2010-05-19 03:23:24,2010-05-19 03:23:25
3595,2566,c:6507,f:1197,2008-06-10 22:08:01,2011-08-01 22:47:59
43807,31343,c:158045,f:2677,2012-07-18 03:31:31,2012-07-18 03:31:31
32212,21165,c:67324,f:6932,2011-01-28 03:03:54,2011-01-28 03:03:54
25572,16763,c:10705,f:1744,2010-07-08 07:23:27,2013-08-19 18:58:21
19254,13332,c:44408,f:4108,2010-03-23 11:52:36,2013-09-20 09:14:22
52418,39888,c:36312,f:14158,2013-06-13 15:59:25,2013-10-15 20:25:13
31744,20751,c:25361,f:34,2011-01-04 12:25:55,2011-01-04 12:25:55
37003,25321,c:72686,f:286,2011-09-12 19:26:43,2013-04-18 16:13:09
38733,26863,c:70021,f:904,2011-12-03 11:58:06,2011-12-03 11:58:06
63058,18363,c:53516,c:58717,2010-09-16 02:51:31,2013-07-18 19:19:35
8960,6337,c:24125,f:837,2009-06-05 09:01:11,2013-09-05 09:36:05
42169,29949,c:158474,f:9169,2012-05-16 13:31:23,2012-05-16 13:31:23
68429,2002,c:4158,p:75058,2008-04-10 09:58:14,2010-11-18 16:28:38
66960,52174,c:46297,c:46358,2013-10-18 05:46:05,2013-10-18 05:46:05
48304,35199,c:185947,f:1368,2013-02-01 04:45:03,2013-07-12 13:43:22
76564,34328,c:180928,p:334,2012-12-12 11:47:19,2013-10-28 10:26:21
41943,29766,c:142525,f:41,2012-05-07 21:09:13,2013-06-20 09:43:06
62901,16796,c:32738,c:64606,2010-07-09 03:02:15,2013-09-04 10:46:52
74599,29325,c:155371,p:120624,2012-04-16 21:41:42,2012-04-19 01:53:18
18719,13002,c:43826,f:2213,2010-03-15 06:20:54,2013-11-11 11:05:46
21689,14627,c:31179,f:5144,2010-04-22 05:48:00,2010-04-22 05:48:02
29958,19290,c:24293,f:26,2010-10-19 11:00:13,2012-04-02 23:10:46
68941,3973,c:14063,p:22798,2008-11-28 02:42:22,2009-08-31 18:56:16
65695,37956,c:173118,c:174617,2013-05-17 21:00:58,2013-05-18 21:40:00
47433,34443,c:181917,f:9390,2012-12-20 13:05:34,2013-07-05 13:42:39
48244,35142,c:185647,f:227,2013-01-30 02:59:39,2013-10-24 11:37:44
48113,35017,c:147729,f:269,2013-01-24 18:35:40,2013-01-24 18:35:40
38889,27001,c:23227,f:42,2011-12-13 02:58:46,2013-12-12 06:12:01
48938,35779,c:164341,f:10625,2013-02-25 03:05:05,2013-08-16 21:43:43
18053,12623,c:20385,f:317,2010-03-04 11:02:00,2013-06-19 09:22:34
35874,24323,c:17186,f:18,2011-07-22 02:54:50,2011-07-22 02:54:50
60662,55542,c:267883,f:10608,2013-11-21 10:13:05,2013-11-21 10:13:05
29994,19310,c:37240,f:5599,2010-10-20 00:00:11,2013-07-25 10:13:26
2731,1924,c:3796,f:105,2008-04-01 10:21:51,2008-07-09 20:06:56
23038,15485,c:47691,f:706,2010-05-11 07:21:25,2010-05-11 07:21:27
45509,32887,c:143213,f:2682,2012-09-28 03:51:32,2012-09-28 03:51:32
34904,23527,c:38455,f:1039,2011-06-11 02:17:43,2013-04-05 12:45:08
59598,53653,c:276334,f:813,2013-11-01 20:59:27,2013-11-01 20:59:27
3768,2718,c:6671,f:507,2008-06-23 11:08:53,2011-05-04 06:27:30
5396,4176,c:5588,f:61,2008-12-18 21:48:44,2013-09-27 09:35:28
13394,9039,c:30037,f:367,2009-10-07 21:11:51,2013-09-05 10:33:01
34769,23428,c:50436,f:105,2011-06-08 02:41:36,2013-07-24 09:35:25
44168,31603,c:166516,f:7562,2012-07-31 03:12:58,2012-07-31 03:12:58
28117,18298,c:56556,f:111,2010-09-14 04:31:30,2010-09-14 04:31:30
54367,43410,c:223437,f:1647,2013-07-23 11:39:46,2013-07-25 03:07:17
33377,22165,c:72345,f:147,2011-03-30 01:57:58,2013-06-06 02:33:03
38431,26575,c:142018,f:367,2011-11-16 04:55:05,2011-11-16 04:55:05
44637,32068,c:27874,f:4789,2012-08-22 03:17:40,2012-08-22 03:17:40
22537,15172,c:44185,f:909,2010-05-03 11:07:32,2010-05-03 11:07:33
28110,18295,c:56554,f:11,2010-09-14 04:14:17,2013-07-12 12:11:04
13006,8756,c:32504,f:2650,2009-09-24 23:07:00,2013-11-25 13:24:44
72928,24877,c:81508,p:66613,2011-08-18 20:43:07,2013-10-16 17:40:32
1802,1226,c:1651,f:663,2007-12-22 03:33:21,2008-03-31 18:15:25
18107,12649,c:43183,f:5024,2010-03-05 01:23:29,2013-09-23 13:11:35
14113,9432,c:35413,f:191,2009-11-09 23:58:01,2013-04-30 11:02:25
74640,29519,c:49598,p:1073,2012-04-25 01:53:40,2013-04-25 02:02:55
52701,40315,c:216115,f:10846,2013-06-19 18:30:41,2013-06-19 18:30:41
46464,33655,c:75196,f:184,2012-11-09 07:42:54,2013-09-06 04:48:14
58468,52366,c:145050,f:6456,2013-10-22 09:55:16,2013-10-22 09:55:16
9898,6827,c:25379,f:41,2009-06-22 19:21:06,2009-06-22 19:21:06
62453,11140,c:39698,c:39699,2010-01-13 15:23:11,2010-01-13 15:23:11
49257,36045,c:71488,f:2472,2013-03-08 02:40:57,2013-03-08 02:40:57
69947,11002,c:27113,p:58697,2010-01-08 07:21:41,2013-10-30 10:22:38
46421,33611,c:156206,f:1186,2012-11-07 11:24:03,2012-11-07 11:24:03
15125,10210,c:37562,f:4013,2009-12-14 10:22:26,2009-12-14 10:22:27
47333,34377,c:142967,f:9103,2012-12-15 22:00:48,2013-06-05 18:26:54
28554,18627,c:54008,f:4021,2010-10-01 08:52:38,2013-07-08 11:47:10
44096,31534,c:65747,f:12141,2012-07-26 22:39:07,2013-05-02 05:12:27
30058,19349,c:59533,f:2479,2010-10-20 12:48:50,2010-10-20 12:48:50
78958,44216,c:77401,p:213920,2013-07-30 16:56:53,2013-10-21 10:17:23
42122,29923,c:158294,f:4050,2012-05-15 03:49:46,2012-05-15 03:49:46
33881,22669,c:69241,f:3244,2011-04-27 13:22:46,2011-04-27 13:22:46
23651,15792,c:14714,f:17,2010-05-26 03:49:31,2010-05-26 03:49:31
69087,4679,c:14396,p:23420,2009-01-19 18:40:44,2009-01-19 18:40:44
10913,7421,c:27359,f:2132,2009-07-14 05:39:01,2009-07-14 05:39:01
78844,43603,c:144581,p:3814,2013-07-24 13:59:05,2013-07-25 03:58:11
73326,25910,c:51643,p:113060,2011-10-13 02:48:40,2011-10-13 02:48:40
28637,18654,c:37715,f:1145,2010-10-02 09:02:11,2010-10-02 09:02:11
37630,25838,c:136550,f:744,2011-10-10 07:35:20,2011-10-10 07:35:20
53466,41672,c:234925,f:1237,2013-07-05 03:23:51,2013-09-06 10:06:15
66216,42671,c:238096,c:142176,2013-07-16 10:35:46,2013-07-16 21:02:45
26701,17459,c:53578,f:5100,2010-08-06 01:48:54,2010-08-06 01:48:55
6703,4889,c:3505,f:12,2009-01-27 20:30:46,2009-06-19 16:14:24
76747,34911,c:170760,p:190989,2013-01-20 17:08:52,2013-11-11 07:25:11
9203,6476,c:24295,f:48,2009-06-14 17:41:03,2013-10-31 06:33:49
7202,5249,c:12572,f:1327,2009-03-10 17:42:10,2013-07-10 12:24:44
24262,16105,c:24978,f:5154,2010-06-08 04:44:50,2013-06-12 20:50:20
77866,37934,c:193718,p:570,2013-05-17 03:06:38,2013-05-17 03:06:38
69027,4233,c:15674,p:25538,2008-12-22 16:36:24,2008-12-22 16:36:24
54802,44216,c:77401,f:10100,2013-07-30 16:56:53,2013-10-21 10:17:23
40512,28484,c:62715,f:320,2012-03-01 03:42:27,2012-03-01 03:42:27
52681,40282,c:5697,f:9817,2013-06-19 11:17:22,2013-06-19 11:17:22
67708,247,c:196,p:726,2007-07-26 09:54:26,2008-02-25 00:24:11
42519,30295,c:160043,f:2294,2012-05-31 03:21:17,2013-10-21 12:26:04
2593,1803,c:2182,f:191,2008-03-15 07:41:54,2008-03-15 07:41:54
24447,16225,c:26165,f:3085,2010-06-12 05:51:41,2010-06-12 05:51:41
24461,16237,c:49629,f:3279,2010-06-12 12:28:24,2010-06-12 12:28:24
27629,18022,c:31866,f:1890,2010-09-01 14:10:23,2010-09-01 14:10:24
63556,23281,c:1309,c:2520,2011-05-31 07:01:53,2011-08-09 23:56:18
13580,9143,c:33990,f:26,2009-10-14 20:52:02,2011-08-12 23:20:34
35762,24247,c:82610,f:4229,2011-07-19 13:47:48,2013-10-08 11:25:35
31964,20946,c:53248,f:5233,2011-01-15 02:27:22,2013-10-09 13:09:54
45377,32764,c:172269,f:624,2012-09-22 03:27:13,2012-09-22 03:27:13
39516,27585,c:24419,f:522,2012-01-17 10:57:25,2013-10-09 11:00:03
78847,43614,c:163900,p:212054,2013-07-24 20:45:15,2013-07-25 05:31:19
36128,24586,c:73942,f:9558,2011-08-03 07:09:57,2013-07-25 17:55:09
38141,26308,c:34591,f:204,2011-11-03 01:51:06,2011-11-03 01:51:06
6063,4520,c:16727,f:80,2009-01-09 05:05:28,2009-01-09 05:05:28
22516,15157,c:47080,f:286,2010-05-03 07:44:39,2010-05-03 07:44:39
43104,30763,c:78286,f:4691,2012-06-21 03:29:49,2012-06-21 03:30:25
42290,30079,c:158964,f:7182,2012-05-22 02:19:56,2012-05-22 02:19:56
79594,48818,c:264873,p:5039,2013-09-16 17:33:38,2013-09-16 17:33:53
2246,1492,c:1967,f:12,2008-02-11 22:03:39,2010-04-23 02:38:59
55339,45070,c:245365,f:3576,2013-08-09 09:55:28,2013-08-09 09:55:28
62760,14796,c:46475,c:15161,2010-04-25 16:32:10,2013-10-02 07:11:40
28418,18523,c:57429,f:2739,2010-09-25 05:49:51,2013-06-26 10:52:23
37210,25479,c:7809,f:627,2011-09-20 03:28:35,2011-09-20 03:28:35
21369,14492,c:29996,f:603,2010-04-20 22:51:56,2013-06-28 09:57:47
39766,27783,c:1303,f:147,2012-01-26 02:40:04,2012-01-26 02:40:04
4913,3748,c:2964,f:875,2008-10-29 01:07:30,2013-10-10 22:02:24
74804,29829,c:157794,p:63426,2012-05-09 22:43:24,2012-05-09 22:44:44
79255,45707,c:190938,p:221148,2013-08-16 04:11:42,2013-08-16 04:11:42
4879,3715,c:176,f:155,2008-10-24 17:52:01,2013-05-28 12:36:40
56422,47816,c:183785,f:671,2013-09-04 17:22:10,2013-09-04 17:22:10
33843,22649,c:74609,f:7086,2011-04-26 02:29:15,2013-06-24 09:42:43
39725,27768,c:147725,f:202,2012-01-25 04:03:23,2013-11-13 06:35:34
30560,19737,c:32412,f:2220,2010-11-01 03:28:10,2010-11-01 03:28:10
28731,18688,c:57959,f:1587,2010-10-04 08:59:51,2013-10-15 12:45:38
70858,17858,c:38339,p:67561,2010-08-25 16:37:04,2013-05-02 10:59:01
68251,1590,c:2512,p:26,2008-02-21 15:21:57,2008-02-25 00:25:27
28720,18681,c:57918,f:3130,2010-10-03 18:04:30,2010-10-03 18:04:30
50307,36967,c:82080,f:3127,2013-04-11 23:01:17,2013-04-11 23:01:17
66948,51986,c:271886,c:272116,2013-10-16 05:59:06,2013-10-16 05:59:06
32699,21556,c:16030,f:7044,2011-02-21 17:25:53,2013-09-20 12:21:21
60555,55357,c:82717,f:1530,2013-11-20 08:40:07,2013-11-21 10:10:31
57351,50192,c:267785,f:902,2013-09-27 07:18:39,2013-10-31 03:53:43
60756,55767,c:281856,f:1699,2013-11-25 05:04:01,2013-11-25 05:04:01
23419,15676,c:13928,f:3401,2010-05-19 03:38:25,2013-05-30 13:55:19
32771,21620,c:38467,f:8,2011-02-24 15:09:25,2011-03-22 04:04:36
6932,5012,c:18223,f:812,2009-02-03 17:32:25,2009-02-03 17:32:25
62166,7966,c:29507,c:168371,2009-08-12 23:44:56,2013-12-11 22:44:33
2687,1886,c:3646,f:1045,2008-03-27 01:37:11,2013-12-04 18:01:56
13499,9087,c:33653,f:2801,2009-10-10 05:52:31,2013-12-10 06:35:54
36072,24539,c:36920,f:2195,2011-08-02 00:40:38,2011-08-02 00:40:38
14593,9728,c:23192,f:581,2009-11-24 09:24:36,2011-07-20 17:12:14
28873,18739,c:58112,f:1040,2010-10-05 10:37:43,2010-10-05 10:37:43
17021,11956,c:41768,f:3438,2010-02-11 14:12:45,2010-02-11 23:46:43
6991,5047,c:18484,f:2050,2009-02-09 22:12:44,2013-05-01 01:41:20
28363,18462,c:57212,f:4952,2010-09-22 02:03:18,2010-09-22 02:03:18
69918,10746,c:38799,p:379,2009-12-30 23:19:09,2013-03-14 23:06:25
35495,24048,c:81476,f:1368,2011-07-08 09:58:25,2011-07-08 09:58:25
59880,54059,c:80408,f:1186,2013-11-07 11:23:05,2013-11-07 12:53:02
39650,27716,c:5946,f:146,2012-01-23 15:02:57,2013-07-16 20:52:43
10531,7166,c:26556,f:787,2009-07-06 22:15:45,2009-07-06 22:15:45
55485,45310,c:77940,f:316,2013-08-13 04:19:21,2013-08-14 03:31:39
39252,27339,c:141331,f:742,2012-01-05 03:55:16,2013-12-04 18:52:49
